Time(s),Input(v),Output(v),Output(m)
9.49999999999998,2.542,0.000,0.000
9.59999999999998,2.493,0.000,0.000
9.69999999999998,2.542,0.000,0.000
9.79999999999998,2.503,0.000,0.000
9.89999999999998,2.503,0.000,0.000
9.99999999999998,2.542,0.000,0.000
10.1,2.493,0.000,0.000
10.2,2.493,0.000,0.000
10.3,2.542,0.000,0.000
10.4,2.532,0.000,0.000
10.5,2.493,0.000,0.000
10.6,2.542,0.000,0.000
10.7,2.522,0.000,0.000
10.8,2.483,0.000,0.000
10.9,2.542,0.000,0.000
11,2.522,0.000,0.000
11.1,2.522,0.000,0.000
11.2,2.493,0.000,0.000
11.3,2.512,0.000,0.000
11.4,2.542,0.000,0.000
11.5,2.522,0.000,0.000
11.6,2.532,0.000,0.000
11.7,2.522,0.000,0.000
11.8,2.503,0.000,0.000
11.9,2.522,0.000,0.000
12,2.503,0.000,0.000
12.1,2.542,0.000,0.000
12.2,2.503,0.000,0.000
12.3,2.542,0.000,0.000
12.4,2.522,0.000,0.000
12.5,2.532,0.000,0.000
12.6,2.522,0.000,0.000
12.7,2.483,0.000,0.000
12.8,2.542,0.000,0.000
12.9,2.503,0.000,0.000
13,2.512,0.000,0.000
13.1,2.542,0.000,0.000
13.2,2.532,0.000,0.000
13.3,2.503,0.000,0.000
13.4,2.512,0.000,0.000
13.5,2.542,0.000,0.000
13.6,2.493,0.000,0.000
13.7,2.522,0.000,0.000
13.8,2.493,0.000,0.000
13.9,2.532,0.000,0.000
14,2.552,0.000,0.000
14.1,2.483,0.000,0.000
14.2,2.532,0.000,0.000
14.3,2.493,0.000,0.000
14.4,2.493,0.000,0.000
14.5,2.483,0.000,0.000
14.6,2.552,0.000,0.000
14.7,2.542,0.000,0.000
14.8,2.542,0.000,0.000
14.9,2.542,0.000,0.000
15,2.542,0.000,0.000
15.1,2.483,0.000,0.000
15.2,2.542,0.000,0.000
15.3,2.522,0.000,0.000
15.4,2.483,0.000,0.000
15.5,2.532,0.000,0.000
15.6,2.542,0.000,0.000
15.7,2.542,0.001,0.001
15.8,2.512,0.003,0.003
15.9,2.483,0.004,0.005
16,2.512,0.006,0.006
16.1,2.493,0.008,0.008
16.2,2.512,0.009,0.010
16.3,2.503,0.011,0.012
16.4,2.512,0.013,0.013
16.5,2.542,0.015,0.016
16.6,2.542,0.018,0.019
16.7,2.542,0.022,0.022
16.8,2.503,0.027,0.027
16.9,2.503,0.031,0.032
17,2.542,0.036,0.036
17.1,2.512,0.041,0.042
17.2,2.512,0.046,0.047
17.3,2.483,0.052,0.053
17.4,2.493,0.057,0.059
17.5,2.522,0.062,0.064
17.6,2.493,0.068,0.069
17.7,2.483,0.073,0.075
17.8,2.542,0.078,0.079
17.9,2.503,0.083,0.085
18,2.542,0.089,0.091
18.1,2.493,0.095,0.097
18.2,2.542,0.101,0.104
18.3,2.532,0.108,0.111
18.4,2.512,0.116,0.118
18.5,2.532,0.123,0.126
18.6,2.532,0.131,0.134
18.7,2.512,0.140,0.143
18.8,2.542,0.149,0.152
18.9,2.503,0.158,0.162
19,2.483,0.168,0.171
19.1,2.512,0.177,0.181
19.2,2.542,0.186,0.190
19.3,2.512,0.196,0.200
19.4,2.512,0.206,0.210
19.5,2.483,0.216,0.220
19.6,2.493,0.226,0.230
19.7,2.542,0.235,0.240
19.8,2.542,0.245,0.250
19.9,2.493,0.256,0.261
20,2.493,0.266,0.271
20.1,2.542,0.276,0.282
20.2,2.512,0.287,0.293
20.3,2.532,0.298,0.304
20.4,2.542,0.310,0.316
20.5,2.512,0.322,0.328
20.6,2.542,0.334,0.341
20.7,2.532,0.347,0.354
20.8,2.493,0.360,0.368
20.9,2.532,0.374,0.381
21,2.503,0.387,0.395
21.1,2.493,0.401,0.409
21.2,2.532,0.414,0.422
21.3,2.503,0.427,0.436
21.4,2.493,0.441,0.450
21.5,2.512,0.454,0.463
21.6,2.522,0.467,0.476
21.7,2.493,0.480,0.490
21.8,2.483,0.494,0.504
21.9,2.542,0.506,0.516
22,2.522,0.519,0.530
22.1,2.483,0.533,0.544
22.2,2.512,0.546,0.557
22.3,2.493,0.559,0.570
22.4,2.483,0.572,0.583
22.5,2.532,0.584,0.596
22.6000000000001,2.473,0.597,0.609
22.7000000000001,2.532,0.609,0.621
22.8000000000001,2.542,0.621,0.634
22.9000000000001,2.483,0.634,0.647
23.0000000000001,2.512,0.647,0.660
23.1000000000001,2.483,0.660,0.673
23.2000000000001,2.503,0.672,0.685
23.3000000000001,2.493,0.684,0.698
23.4000000000001,2.532,0.695,0.710
23.5000000000001,2.532,0.708,0.722
23.6000000000001,2.493,0.720,0.735
23.7000000000001,2.532,0.733,0.748
23.8000000000001,2.512,0.746,0.761
23.9000000000001,2.542,0.759,0.774
24.0000000000001,2.503,0.772,0.788
24.1000000000001,2.522,0.786,0.802
24.2000000000001,2.512,0.800,0.816
24.3000000000001,2.512,0.813,0.830
24.4000000000001,2.542,0.827,0.844
24.5000000000001,2.483,0.842,0.859
24.6000000000001,2.532,0.856,0.873
24.7000000000001,2.483,0.870,0.888
24.8000000000001,2.542,0.884,0.902
24.9000000000001,2.512,0.899,0.917
25.0000000000001,2.522,0.913,0.932
25.1000000000001,2.532,0.928,0.947
25.2000000000001,2.522,0.944,0.963
25.3000000000001,2.512,0.959,0.979
25.4000000000001,2.522,0.975,0.995
25.5000000000001,2.512,0.991,1.011
25.6000000000001,2.522,1.007,1.027
25.7000000000001,2.483,1.023,1.044
25.8000000000001,2.522,1.038,1.059
25.9000000000001,2.542,1.054,1.076
26.0000000000001,2.483,1.070,1.092
26.1000000000001,2.483,1.086,1.108
26.2000000000001,2.493,1.102,1.124
26.3000000000001,2.493,1.116,1.139
26.4000000000001,2.483,1.131,1.154
26.5000000000001,2.532,1.145,1.168
26.6000000000001,2.493,1.159,1.183
26.7000000000001,2.483,1.174,1.198
26.8000000000001,2.542,1.187,1.211
26.9000000000001,2.503,1.201,1.226
27.0000000000001,2.542,1.216,1.240
27.1000000000001,2.483,1.230,1.255
27.2000000000001,2.532,1.244,1.270
27.3000000000001,2.532,1.259,1.285
27.4000000000001,2.473,1.274,1.300
27.5000000000001,2.522,1.289,1.315
27.6000000000001,2.542,1.303,1.330
27.7000000000001,2.493,1.318,1.345
27.8000000000001,2.503,1.333,1.361
27.9000000000001,2.542,1.348,1.376
28.0000000000001,2.483,1.364,1.391
28.1000000000001,2.532,1.378,1.407
28.2000000000001,2.493,1.394,1.422
28.3000000000001,2.532,1.409,1.437
28.4000000000001,2.512,1.424,1.453
28.5000000000001,2.522,1.439,1.469
28.6000000000001,2.503,1.455,1.485
28.7000000000001,2.483,1.471,1.501
28.8000000000001,2.503,1.486,1.516
28.9000000000001,2.522,1.500,1.531
29.0000000000001,2.522,1.515,1.546
29.1000000000001,2.503,1.531,1.562
29.2000000000001,2.512,1.546,1.577
29.3000000000001,2.483,1.561,1.593
29.4000000000001,2.542,1.575,1.608
29.5000000000001,2.532,1.591,1.623
29.6000000000002,2.542,1.606,1.639
29.7000000000002,2.542,1.623,1.656
29.8000000000002,2.522,1.640,1.673
29.9000000000002,2.542,1.657,1.691
30.0000000000002,2.503,1.675,1.709
30.1000000000002,2.532,1.692,1.727
30.2000000000002,2.483,1.710,1.745
30.3000000000002,2.483,1.728,1.763
30.4000000000002,2.522,1.745,1.780
30.5000000000002,2.493,1.762,1.798
30.6000000000002,2.503,1.778,1.815
30.7000000000002,2.522,1.795,1.831
30.8000000000002,2.483,1.812,1.848
30.9000000000002,2.542,1.828,1.865
31.0000000000002,2.483,1.844,1.882
31.1000000000002,2.542,1.861,1.899
31.2000000000002,2.532,1.877,1.916
31.3000000000002,2.493,1.895,1.933
31.4000000000002,2.512,1.912,1.951
31.5000000000002,2.493,1.928,1.968
31.6000000000002,2.542,1.945,1.985
31.7000000000002,2.503,1.962,2.002
31.8000000000002,2.503,1.979,2.019
31.9000000000002,2.512,1.996,2.036
32.0000000000002,2.473,2.012,2.054
32.1000000000002,2.483,2.028,2.070
32.2000000000002,2.493,2.044,2.086
32.3000000000002,2.483,2.059,2.101
32.4000000000002,2.532,2.073,2.116
32.5000000000002,2.542,2.088,2.131
32.6000000000002,2.483,2.104,2.147
32.7000000000002,2.503,2.119,2.162
32.8000000000002,2.483,2.134,2.177
32.9000000000002,2.483,2.148,2.192
33.0000000000002,2.503,2.162,2.206
33.1000000000002,2.493,2.176,2.220
33.2000000000002,2.542,2.189,2.234
33.3000000000002,2.532,2.203,2.248
33.4000000000002,2.532,2.217,2.263
33.5000000000002,2.532,2.232,2.278
33.6000000000002,2.542,2.247,2.293
33.7000000000002,2.483,2.263,2.310
33.8000000000002,2.503,2.279,2.325
33.9000000000002,2.542,2.294,2.341
34.0000000000002,2.512,2.310,2.357
34.1000000000002,2.532,2.326,2.373
34.2000000000002,2.483,2.342,2.390
34.3000000000002,2.512,2.358,2.406
34.4000000000002,2.473,2.374,2.422
34.5000000000002,2.532,2.389,2.438
34.6000000000002,2.473,2.404,2.454
34.7000000000002,2.532,2.419,2.469
34.8000000000002,2.522,2.434,2.484
34.9000000000002,2.473,2.450,2.500
35.0000000000002,2.473,2.464,2.515
35.1000000000002,2.512,2.478,2.529
35.2000000000002,2.503,2.492,2.543
35.3000000000002,2.522,2.506,2.557
35.4000000000002,2.542,2.520,2.572
35.5000000000002,2.503,2.535,2.587
35.6000000000002,2.542,2.550,2.602
35.7000000000002,2.503,2.565,2.617
35.8000000000002,2.542,2.580,2.633
35.9000000000002,2.542,2.596,2.649
36.0000000000002,2.503,2.612,2.665
36.1000000000002,2.532,2.628,2.682
36.2000000000002,2.483,2.645,2.699
36.3000000000002,2.512,2.661,2.715
36.4000000000002,2.532,2.677,2.732
36.5000000000002,2.522,2.694,2.749
36.6000000000003,2.532,2.710,2.766
36.7000000000003,2.512,2.728,2.783
36.8000000000003,2.483,2.745,2.801
36.9000000000003,2.473,2.761,2.818
37.0000000000003,2.522,2.777,2.834
37.1000000000003,2.512,2.793,2.850
37.2000000000003,2.512,2.809,2.867
37.3000000000003,2.503,2.825,2.883
37.4000000000003,2.473,2.841,2.899
37.5000000000003,2.493,2.857,2.915
37.6000000000003,2.542,2.871,2.930
37.7000000000003,2.542,2.887,2.946
37.8000000000003,2.473,2.903,2.962
37.9000000000003,2.512,2.918,2.978
38.0000000000003,2.512,2.934,2.993
38.1000000000003,2.522,2.949,3.009
38.2000000000003,2.483,2.965,3.025
38.3000000000003,2.512,2.980,3.041
38.4000000000003,2.542,2.995,3.056
38.5000000000003,2.473,3.011,3.072
38.6000000000003,2.532,3.026,3.087
38.7000000000003,2.473,3.041,3.103
38.8000000000003,2.542,3.056,3.118
38.9000000000003,2.493,3.071,3.134
39.0000000000003,2.493,3.086,3.149
39.1000000000003,2.512,3.101,3.164
39.2000000000003,2.512,3.115,3.179
39.3000000000003,2.473,3.130,3.194
39.4000000000003,2.503,3.144,3.208
39.5000000000003,2.512,3.158,3.222
39.6000000000003,2.503,3.172,3.237
39.7000000000003,2.532,3.186,3.251
39.8000000000003,2.473,3.200,3.265
39.9000000000003,2.473,3.213,3.279
40.0000000000003,2.542,3.226,3.292
40.1000000000003,2.473,3.239,3.306
40.2000000000003,2.532,3.252,3.319
40.3000000000003,2.483,3.265,3.332
40.4000000000003,2.483,3.278,3.345
40.5000000000003,2.522,3.290,3.357
40.6000000000003,2.532,3.302,3.370
40.7000000000003,2.483,3.315,3.383
40.8000000000003,2.532,3.328,3.396
40.9000000000003,2.493,3.340,3.409
41.0000000000003,2.532,3.353,3.421
41.1000000000003,2.493,3.366,3.435
41.2000000000003,2.503,3.379,3.448
41.3000000000003,2.493,3.391,3.460
41.4000000000003,2.473,3.403,3.473
41.5000000000003,2.473,3.415,3.484
41.6000000000003,2.473,3.426,3.495
41.7000000000003,2.473,3.436,3.506
41.8000000000003,2.493,3.445,3.515
41.9000000000003,2.512,3.454,3.525
42.0000000000003,2.532,3.463,3.534
42.1000000000003,2.542,3.473,3.544
42.2000000000003,2.473,3.484,3.555
42.3000000000003,2.532,3.493,3.565
42.4000000000003,2.522,3.504,3.575
42.5000000000003,2.512,3.514,3.586
42.6000000000003,2.532,3.525,3.597
42.7000000000003,2.503,3.536,3.608
42.8000000000003,2.493,3.547,3.620
42.9000000000003,2.483,3.558,3.631
43.0000000000003,2.473,3.569,3.641
43.1000000000003,2.522,3.578,3.651
43.2000000000003,2.512,3.588,3.661
43.3000000000003,2.473,3.598,3.672
43.4000000000003,2.503,3.608,3.681
43.5000000000003,2.532,3.617,3.691
43.6000000000003,2.483,3.627,3.701
43.7000000000004,2.512,3.636,3.710
43.8000000000004,2.503,3.646,3.720
43.9000000000004,2.473,3.655,3.730
44.0000000000004,2.503,3.664,3.738
44.1000000000004,2.542,3.672,3.747
44.2000000000004,2.512,3.682,3.757
44.3000000000004,2.512,3.691,3.767
44.4000000000004,2.522,3.701,3.776
44.5000000000004,2.483,3.711,3.787
44.6000000000004,2.483,3.720,3.796
44.7000000000004,2.532,3.729,3.805
44.8000000000004,2.522,3.739,3.815
44.9000000000004,2.503,3.749,3.825
45.0000000000004,2.473,3.758,3.835
45.1000000000004,2.512,3.767,3.844
45.2000000000004,2.493,3.777,3.854
45.3000000000004,2.483,3.785,3.863
45.4000000000004,2.522,3.794,3.871
45.5000000000004,2.512,3.803,3.880
45.6000000000004,2.532,3.812,3.889
45.7000000000004,2.483,3.821,3.899
45.8000000000004,2.532,3.830,3.908
45.9000000000004,2.473,3.840,3.918
46.0000000000004,2.483,3.848,3.927
46.1000000000004,2.512,3.857,3.935
46.2000000000004,2.503,3.865,3.944
46.3000000000004,2.532,3.874,3.953
46.4000000000004,2.503,3.883,3.962
46.5000000000004,2.532,3.891,3.971
46.6000000000004,2.463,3.901,3.980
46.7000000000004,2.532,3.909,3.989
46.8000000000004,2.512,3.918,3.998
46.9000000000004,2.503,3.928,4.008
47.0000000000004,2.473,3.937,4.017
47.1000000000004,2.532,3.945,4.026
47.2000000000004,2.512,3.954,4.035
47.3000000000004,2.483,3.963,4.044
47.4000000000004,2.522,3.972,4.053
47.5000000000004,2.473,3.981,4.062
47.6000000000004,2.532,3.989,4.071
47.7000000000004,2.532,3.998,4.080
47.8000000000004,2.503,4.007,4.089
47.9000000000004,2.473,4.017,4.099
48.0000000000004,2.503,4.025,4.107
48.1000000000004,2.503,4.034,4.116
48.2000000000004,2.473,4.042,4.125
48.3000000000004,2.493,4.050,4.133
48.4000000000004,2.542,4.058,4.141
48.5000000000004,2.532,4.066,4.149
48.6000000000004,2.473,4.075,4.158
48.7000000000004,2.483,4.083,4.166
48.8000000000004,2.493,4.091,4.174
48.9000000000004,2.493,4.098,4.182
49.0000000000004,2.532,4.105,4.189
49.1000000000004,2.532,4.113,4.197
49.2000000000004,2.473,4.122,4.206
49.3000000000004,2.532,4.129,4.213
49.4000000000004,2.532,4.137,4.222
49.5000000000004,2.493,4.146,4.231
49.6000000000004,2.522,4.155,4.239
49.7000000000004,2.512,4.163,4.248
49.8000000000004,2.483,4.172,4.257
49.9000000000004,2.522,4.181,4.266
50.0000000000004,2.532,4.190,4.275
50.1000000000004,2.512,4.199,4.285
50.2000000000004,2.532,4.208,4.294
50.3000000000004,2.493,4.218,4.304
50.4000000000004,2.503,4.228,4.314
50.5000000000004,2.512,4.238,4.324
50.6000000000004,2.483,4.247,4.334
50.7000000000005,2.503,4.257,4.344
50.8000000000005,2.473,4.266,4.353
50.9000000000005,2.512,4.274,4.362
51.0000000000005,2.483,4.283,4.370
51.1000000000005,2.503,4.291,4.379
51.2000000000005,2.493,4.299,4.387
51.3000000000005,2.473,4.307,4.395
51.4000000000005,2.473,4.314,4.402
51.5000000000005,2.532,4.321,4.409
51.6000000000005,2.532,4.328,4.416
51.7000000000005,2.532,4.336,4.424
51.8000000000005,2.522,4.344,4.432
51.9000000000005,2.493,4.352,4.441
52.0000000000005,2.512,4.361,4.450
52.1000000000005,2.473,4.369,4.458
52.2000000000005,2.512,4.377,4.466
52.3000000000005,2.503,4.385,4.474
52.4000000000005,2.473,4.393,4.482
52.5000000000005,2.522,4.400,4.490
52.6000000000005,2.473,4.407,4.497
52.7000000000005,2.512,4.414,4.504
52.8000000000005,2.483,4.421,4.511
52.9000000000005,2.522,4.428,4.518
53.0000000000005,2.493,4.435,4.525
53.1000000000005,2.522,4.442,4.532
53.2000000000005,2.532,4.449,4.539
53.3000000000005,2.532,4.456,4.547
53.4000000000005,2.473,4.464,4.556
53.5000000000005,2.512,4.472,4.563
53.6000000000005,2.493,4.480,4.571
53.7000000000005,2.512,4.487,4.579
53.8000000000005,2.483,4.495,4.586
53.9000000000005,2.483,4.502,4.594
54.0000000000005,2.473,4.508,4.600
54.1000000000005,2.473,4.514,4.607
54.2000000000005,2.473,4.520,4.612
54.3000000000005,2.522,4.525,4.617
54.4000000000005,2.503,4.530,4.622
54.5000000000005,2.512,4.535,4.627
54.6000000000005,2.522,4.540,4.633
54.7000000000005,2.483,4.546,4.639
54.8000000000005,2.473,4.551,4.644
54.9000000000005,2.473,4.556,4.649
55.0000000000005,2.493,4.560,4.653
55.1000000000005,2.522,4.564,4.657
55.2000000000005,2.522,4.568,4.661
55.3000000000005,2.512,4.572,4.666
55.4000000000005,2.473,4.577,4.671
55.5000000000005,2.473,4.581,4.675
55.6000000000005,2.532,4.585,4.679
55.7000000000005,2.503,4.589,4.683
55.8000000000005,2.532,4.593,4.687
55.9000000000005,2.473,4.598,4.692
56.0000000000005,2.473,4.602,4.696
56.1000000000005,2.512,4.606,4.700
56.2000000000005,2.503,4.610,4.704
56.3000000000005,2.473,4.613,4.708
56.4000000000005,2.512,4.617,4.711
56.5000000000005,2.503,4.620,4.714
56.6000000000005,2.483,4.623,4.718
56.7000000000005,2.532,4.626,4.721
56.8000000000005,2.503,4.630,4.724
56.9000000000005,2.532,4.634,4.728
57.0000000000005,2.532,4.638,4.732
57.1000000000005,2.522,4.643,4.737
57.2000000000005,2.473,4.648,4.743
57.3000000000005,2.473,4.652,4.747
57.4000000000005,2.532,4.656,4.751
57.5000000000005,2.473,4.661,4.756
57.6000000000005,2.522,4.665,4.760
57.7000000000005,2.473,4.669,4.764
57.8000000000006,2.522,4.673,4.768
57.9000000000006,2.532,4.677,4.772
58.0000000000006,2.493,4.682,4.777
58.1000000000006,2.473,4.686,4.782
58.2000000000006,2.522,4.690,4.786
58.3000000000006,2.532,4.694,4.790
58.4000000000006,2.503,4.699,4.795
58.5000000000006,2.463,4.704,4.800
58.6000000000006,2.512,4.708,4.804
58.7000000000006,2.512,4.713,4.809
58.8000000000006,2.473,4.717,4.813
58.9000000000006,2.522,4.721,4.817
59.0000000000006,2.522,4.725,4.822
59.1000000000006,2.503,4.730,4.826
59.2000000000006,2.473,4.734,4.831
59.3000000000006,2.522,4.738,4.835
59.4000000000006,2.512,4.743,4.840
59.5000000000006,2.512,4.748,4.844
59.6000000000006,2.483,4.752,4.849
59.7000000000006,2.483,4.757,4.854
59.8000000000006,2.522,4.761,4.858
59.9000000000006,2.522,4.765,4.862
60.0000000000006,2.512,4.770,4.867
60.1000000000006,2.473,4.775,4.872
60.2000000000006,2.532,4.779,4.877
60.3000000000006,2.532,4.784,4.882
60.4000000000006,2.522,4.790,4.887
60.5000000000006,2.532,4.796,4.893
60.6000000000006,2.493,4.802,4.900
60.7000000000006,2.503,4.808,4.906
60.8000000000006,2.473,4.814,4.913
60.9000000000006,2.512,4.820,4.918
61.0000000000006,2.493,4.826,4.924
61.1000000000006,2.532,4.831,4.930
61.2000000000006,2.473,4.837,4.936
61.3000000000006,2.532,4.843,4.942
61.4000000000006,2.512,4.849,4.948
61.5000000000006,2.473,4.855,4.954
61.6000000000006,2.473,4.861,4.960
61.7000000000006,2.483,4.866,4.965
61.8000000000006,2.512,4.870,4.970
61.9000000000006,2.473,4.875,4.974
62.0000000000006,2.503,4.879,4.979
62.1000000000006,2.473,4.883,4.983
62.2000000000006,2.473,4.887,4.986
62.3000000000006,2.522,4.889,4.989
62.4000000000006,2.522,4.893,4.993
62.5000000000006,2.473,4.897,4.996
62.6000000000006,2.493,4.900,5.000
62.7000000000006,2.493,4.903,5.003
62.8000000000006,2.512,4.905,5.005
62.9000000000006,2.522,4.908,5.008
63.0000000000006,2.503,4.912,5.012
63.1000000000006,2.522,4.915,5.015
63.2000000000006,2.473,4.919,5.019
63.3000000000006,2.483,4.922,5.022
63.4000000000006,2.493,4.925,5.025
63.5000000000006,2.473,4.927,5.028
63.6000000000006,2.512,4.929,5.030
63.7000000000006,2.483,4.932,5.032
63.8000000000006,2.493,4.933,5.034
63.9000000000006,2.522,4.935,5.036
64.0000000000006,2.483,4.937,5.038
64.1000000000006,2.483,4.939,5.040
64.2000000000006,2.483,4.940,5.041
64.3000000000006,2.483,4.941,5.042
64.4000000000006,2.512,4.942,5.043
64.5000000000006,2.512,4.943,5.044
64.6000000000006,2.493,4.944,5.045
64.7000000000006,2.503,4.945,5.046
64.8000000000006,2.532,4.946,5.047
64.9000000000006,2.512,4.948,5.049
65.0000000000006,2.483,4.949,5.050
65.1000000000006,2.473,4.951,5.052
65.2000000000006,2.483,4.952,5.053
65.3000000000006,2.493,4.952,5.053
65.4000000000006,2.463,4.953,5.054
65.5000000000006,2.532,4.952,5.053
65.6000000000005,2.532,4.953,5.054
65.7000000000005,2.503,4.954,5.055
65.8000000000005,2.493,4.955,5.056
65.9000000000005,2.473,4.956,5.057
66.0000000000005,2.532,4.956,5.057
66.1000000000005,2.493,4.957,5.058
66.2000000000005,2.532,4.957,5.059
66.3000000000005,2.463,4.959,5.060
66.4000000000005,2.532,4.960,5.061
66.5000000000005,2.473,4.961,5.062
66.6000000000005,2.532,4.962,5.063
66.7000000000005,2.473,4.963,5.064
66.8000000000005,2.473,4.964,5.065
66.9000000000005,2.522,4.964,5.065
67.0000000000005,2.473,4.965,5.066
67.1000000000005,2.522,4.965,5.066
67.2000000000005,2.532,4.965,5.067
67.3000000000005,2.473,4.967,5.068
67.4000000000004,2.512,4.967,5.069
67.5000000000004,2.473,4.968,5.070
67.6000000000004,2.473,4.969,5.070
67.7000000000004,2.483,4.968,5.070
67.8000000000004,2.512,4.968,5.069
67.9000000000004,2.512,4.967,5.069
68.0000000000004,2.503,4.967,5.069
68.1000000000004,2.473,4.967,5.069
68.2000000000004,2.473,4.967,5.068
68.3000000000004,2.522,4.966,5.067
68.4000000000004,2.512,4.965,5.067
68.5000000000004,2.473,4.965,5.066
68.6000000000004,2.503,4.964,5.065
68.7000000000004,2.512,4.963,5.064
68.8000000000004,2.473,4.963,5.064
68.9000000000004,2.512,4.961,5.063
69.0000000000004,2.512,4.961,5.062
69.1000000000003,2.493,4.960,5.061
69.2000000000003,2.483,4.959,5.061
69.3000000000003,2.503,4.958,5.060
69.4000000000003,2.473,4.957,5.059
69.5000000000003,2.532,4.956,5.057
69.6000000000003,2.532,4.955,5.056
69.7000000000003,2.483,4.955,5.056
69.8000000000003,2.503,4.954,5.055
69.9000000000003,2.532,4.954,5.055
70.0000000000003,2.503,4.954,5.055
70.1000000000003,2.493,4.954,5.055
70.2000000000003,2.512,4.954,5.056
70.3000000000003,2.522,4.955,5.056
70.4000000000003,2.503,4.956,5.057
70.5000000000003,2.522,4.956,5.058
70.6000000000003,2.512,4.958,5.059
70.7000000000003,2.532,4.959,5.060
70.8000000000003,2.473,4.961,5.063
70.9000000000002,2.512,4.963,5.064
71.0000000000002,2.483,4.965,5.066
71.1000000000002,2.473,4.966,5.068
71.2000000000002,2.473,4.967,5.069
71.3000000000002,2.522,4.967,5.069
71.4000000000002,2.493,4.968,5.070
71.5000000000002,2.473,4.969,5.070
71.6000000000002,2.512,4.969,5.070
71.7000000000002,2.473,4.969,5.071
71.8000000000002,2.532,4.969,5.070
71.9000000000002,2.522,4.969,5.071
72.0000000000002,2.512,4.970,5.072
72.1000000000002,2.503,4.971,5.073
72.2000000000002,2.512,4.972,5.074
72.3000000000002,2.532,4.974,5.075
72.4000000000002,2.483,4.976,5.077
72.5000000000002,2.473,4.977,5.079
72.6000000000002,2.473,4.978,5.080
72.7000000000001,2.473,4.979,5.081
72.8000000000001,2.532,4.979,5.080
72.9000000000001,2.473,4.979,5.081
73.0000000000001,2.503,4.980,5.081
73.1000000000001,2.493,4.980,5.081
73.2000000000001,2.473,4.980,5.081
73.3000000000001,2.512,4.979,5.081
73.4000000000001,2.483,4.979,5.080
73.5000000000001,2.483,4.978,5.079
73.6000000000001,2.512,4.977,5.078
73.7000000000001,2.522,4.976,5.078
73.8000000000001,2.522,4.976,5.077
73.9000000000001,2.483,4.976,5.077
74.0000000000001,2.522,4.976,5.077
74.1000000000001,2.512,4.976,5.078
74.2000000000001,2.532,4.977,5.078
74.3000000000001,2.503,4.978,5.079
74.4,2.493,4.979,5.081
74.5,2.473,4.980,5.082
74.6,2.483,4.980,5.082
74.7,2.532,4.981,5.082
74.8,2.512,4.981,5.083
74.9,2.512,4.982,5.084
75,2.532,4.984,5.085
75.1,2.532,4.985,5.087
75.2,2.483,4.988,5.090
75.3,2.473,4.990,5.092
75.4,2.512,4.992,5.094
75.5,2.512,4.994,5.095
75.6,2.483,4.996,5.097
75.7,2.473,4.997,5.099
75.8,2.483,4.998,5.100
75.9,2.473,4.999,5.101
76,2.483,4.999,5.101
76.1,2.473,4.999,5.101
76.1999999999999,2.483,4.998,5.100
76.2999999999999,2.532,4.997,5.099
76.3999999999999,2.493,4.997,5.099
76.4999999999999,2.522,4.996,5.098
76.5999999999999,2.512,4.996,5.098
76.6999999999999,2.483,4.996,5.098
76.7999999999999,2.473,4.996,5.098
76.8999999999999,2.473,4.995,5.097
76.9999999999999,2.493,4.994,5.096
77.0999999999999,2.522,4.992,5.094
77.1999999999999,2.483,4.992,5.093
77.2999999999999,2.522,4.990,5.092
77.3999999999999,2.512,4.989,5.091
77.4999999999999,2.483,4.989,5.091
77.5999999999999,2.473,4.988,5.090
77.6999999999999,2.473,4.987,5.088
77.7999999999999,2.522,4.985,5.086
77.8999999999998,2.532,4.983,5.085
77.9999999999998,2.473,4.982,5.084
78.0999999999998,2.473,4.981,5.083
78.1999999999998,2.493,4.979,5.081
78.2999999999998,2.473,4.977,5.079
78.3999999999998,2.473,4.975,5.076
78.4999999999998,2.532,4.972,5.073
78.5999999999998,2.522,4.969,5.071
78.6999999999998,2.473,4.968,5.069
78.7999999999998,2.483,4.965,5.067
78.8999999999998,2.532,4.963,5.064
78.9999999999998,2.522,4.961,5.062
79.0999999999998,2.473,4.959,5.060
79.1999999999998,2.473,4.957,5.058
79.2999999999998,2.493,4.955,5.056
79.3999999999998,2.483,4.952,5.053
79.4999999999998,2.473,4.949,5.050
79.5999999999998,2.483,4.945,5.046
79.6999999999997,2.532,4.942,5.042
79.7999999999997,2.532,4.939,5.039
79.8999999999997,2.473,4.936,5.037
79.9999999999997,2.522,4.933,5.034
80.0999999999997,2.532,4.931,5.031
80.1999999999997,2.532,4.929,5.030
80.2999999999997,2.522,4.928,5.029
80.3999999999997,2.483,4.928,5.028
80.4999999999997,2.493,4.927,5.027
80.5999999999997,2.483,4.926,5.026
80.6999999999997,2.522,4.924,5.025
80.7999999999997,2.522,4.923,5.024
80.8999999999997,2.473,4.923,5.023
80.9999999999997,2.493,4.922,5.022
81.0999999999997,2.473,4.921,5.021
81.1999999999997,2.512,4.919,5.020
81.2999999999997,2.512,4.918,5.018
81.3999999999997,2.473,4.917,5.017
81.4999999999996,2.473,4.915,5.015
81.5999999999996,2.512,4.913,5.013
81.6999999999996,2.532,4.911,5.011
81.7999999999996,2.503,4.910,5.010
81.8999999999996,2.493,4.909,5.009
81.9999999999996,2.483,4.908,5.008
82.0999999999996,2.473,4.906,5.006
82.1999999999996,2.522,4.904,5.004
82.2999999999996,2.473,4.902,5.002
82.3999999999996,2.473,4.900,5.000
82.4999999999996,2.512,4.897,4.997
82.5999999999996,2.503,4.895,4.995
82.6999999999996,2.522,4.893,4.993
82.7999999999996,2.483,4.891,4.991
82.8999999999996,2.483,4.889,4.988
82.9999999999996,2.532,4.886,4.986
83.0999999999996,2.473,4.885,4.984
83.1999999999995,2.493,4.882,4.982
83.2999999999995,2.473,4.880,4.979
83.3999999999995,2.473,4.877,4.976
83.4999999999995,2.522,4.873,4.973
83.5999999999995,2.532,4.871,4.970
83.6999999999995,2.512,4.868,4.968
83.7999999999995,2.473,4.866,4.966
83.8999999999995,2.473,4.864,4.963
83.9999999999995,2.473,4.861,4.960
84.0999999999995,2.522,4.857,4.957
84.1999999999995,2.522,4.854,4.953
84.2999999999995,2.473,4.852,4.951
84.3999999999995,2.483,4.849,4.948
84.4999999999995,2.512,4.846,4.944
84.5999999999995,2.512,4.843,4.941
84.6999999999995,2.473,4.840,4.939
84.7999999999995,2.473,4.837,4.935
84.8999999999995,2.473,4.833,4.931
84.9999999999994,2.532,4.829,4.927
85.0999999999994,2.532,4.825,4.924
85.1999999999994,2.473,4.822,4.921
85.2999999999994,2.512,4.819,4.917
85.3999999999994,2.493,4.816,4.914
85.4999999999994,2.473,4.813,4.911
85.5999999999994,2.522,4.809,4.907
85.6999999999994,2.473,4.806,4.904
85.7999999999994,2.503,4.802,4.900
85.8999999999994,2.532,4.799,4.897
85.9999999999994,2.532,4.796,4.894
86.0999999999994,2.532,4.794,4.892
86.1999999999994,2.473,4.792,4.890
86.2999999999994,2.512,4.790,4.888
86.3999999999994,2.473,4.789,4.886
86.4999999999994,2.532,4.786,4.884
86.5999999999994,2.522,4.785,4.883
86.6999999999993,2.532,4.784,4.882
86.7999999999993,2.503,4.784,4.881
86.8999999999993,2.512,4.783,4.881
86.9999999999993,2.493,4.783,4.881
87.0999999999993,2.473,4.783,4.880
87.1999999999993,2.522,4.782,4.880
87.2999999999993,2.532,4.782,4.879
87.3999999999993,2.473,4.782,4.880
87.4999999999993,2.473,4.782,4.880
87.5999999999993,2.522,4.781,4.879
87.6999999999993,2.532,4.781,4.879
87.7999999999993,2.532,4.781,4.879
87.8999999999993,2.473,4.782,4.880
87.9999999999993,2.522,4.783,4.880
88.0999999999993,2.473,4.784,4.881
88.1999999999993,2.473,4.784,4.882
88.2999999999993,2.483,4.784,4.882
88.3999999999993,2.532,4.783,4.881
88.4999999999992,2.522,4.784,4.881
88.5999999999992,2.493,4.784,4.882
88.6999999999992,2.473,4.784,4.882
88.7999999999992,2.503,4.784,4.882
88.8999999999992,2.473,4.784,4.882
88.9999999999992,2.522,4.784,4.881
89.0999999999992,2.512,4.783,4.881
89.1999999999992,2.522,4.784,4.881
89.2999999999992,2.473,4.784,4.882
89.3999999999992,2.493,4.784,4.882
89.4999999999992,2.512,4.784,4.882
89.5999999999992,2.512,4.784,4.882
89.6999999999992,2.532,4.784,4.882
89.7999999999992,2.483,4.785,4.883
89.8999999999992,2.532,4.786,4.884
89.9999999999992,2.532,4.787,4.885
90.0999999999992,2.473,4.789,4.887
90.1999999999992,2.503,4.791,4.888
90.2999999999991,2.473,4.792,4.890
90.3999999999991,2.512,4.793,4.891
90.4999999999991,2.473,4.794,4.892
90.5999999999991,2.532,4.794,4.892
90.6999999999991,2.473,4.795,4.893
90.7999999999991,2.522,4.796,4.894
90.8999999999991,2.503,4.797,4.895
90.9999999999991,2.503,4.798,4.896
91.0999999999991,2.522,4.799,4.897
91.1999999999991,2.493,4.801,4.899
91.2999999999991,2.473,4.802,4.900
91.3999999999991,2.483,4.803,4.901
91.4999999999991,2.512,4.803,4.901
91.5999999999991,2.473,4.804,4.902
91.6999999999991,2.493,4.804,4.902
91.7999999999991,2.473,4.804,4.902
91.8999999999991,2.532,4.803,4.901
91.999999999999,2.512,4.804,4.902
92.099999999999,2.473,4.804,4.902
92.199999999999,2.522,4.804,4.902
92.299999999999,2.493,4.804,4.902
92.399999999999,2.483,4.804,4.902
92.499999999999,2.473,4.804,4.902
92.599999999999,2.532,4.803,4.901
92.699999999999,2.483,4.803,4.901
92.799999999999,2.512,4.802,4.900
92.899999999999,2.473,4.802,4.900
92.999999999999,2.463,4.801,4.899
93.099999999999,2.483,4.800,4.898
93.199999999999,2.512,4.798,4.896
93.299999999999,2.493,4.796,4.894
93.399999999999,2.473,4.795,4.893
93.499999999999,2.532,4.792,4.890
93.599999999999,2.512,4.791,4.889
93.699999999999,2.503,4.790,4.887
93.7999999999989,2.473,4.788,4.886
93.8999999999989,2.473,4.787,4.884
93.9999999999989,2.532,4.785,4.882
94.0999999999989,2.473,4.783,4.881
94.1999999999989,2.503,4.781,4.878
94.2999999999989,2.503,4.779,4.876
94.3999999999989,2.532,4.777,4.874
94.4999999999989,2.473,4.776,4.873
94.5999999999989,2.512,4.774,4.871
94.6999999999989,2.473,4.772,4.870
94.7999999999989,2.483,4.770,4.868
94.8999999999989,2.493,4.768,4.865
94.9999999999989,2.503,4.766,4.863
95.0999999999989,2.532,4.763,4.860
95.1999999999989,2.473,4.762,4.859
95.2999999999989,2.522,4.759,4.856
95.3999999999989,2.473,4.758,4.855
95.4999999999988,2.512,4.755,4.852
95.5999999999988,2.493,4.753,4.850
95.6999999999988,2.473,4.751,4.848
95.7999999999988,2.493,4.749,4.846
95.8999999999988,2.512,4.746,4.843
95.9999999999988,2.503,4.744,4.840
96.0999999999988,2.473,4.741,4.838
96.1999999999988,2.473,4.738,4.835
96.2999999999988,2.532,4.735,4.832
96.3999999999988,2.532,4.732,4.829
96.4999999999988,2.473,4.730,4.827
96.5999999999988,2.473,4.728,4.824
96.6999999999988,2.503,4.725,4.821
96.7999999999988,2.512,4.722,4.818
96.8999999999988,2.483,4.719,4.816
96.9999999999988,2.522,4.716,4.813
97.0999999999988,2.532,4.714,4.810
97.1999999999988,2.483,4.712,4.808
97.2999999999987,2.483,4.710,4.806
97.3999999999987,2.483,4.708,4.804
97.4999999999987,2.473,4.705,4.801
97.5999999999987,2.522,4.702,4.798
97.6999999999987,2.483,4.699,4.795
97.7999999999987,2.483,4.696,4.792
97.8999999999987,2.512,4.693,4.788
97.9999999999987,2.522,4.690,4.785
98.0999999999987,2.473,4.687,4.783
98.1999999999987,2.512,4.684,4.780
98.2999999999987,2.483,4.681,4.777
98.3999999999987,2.503,4.678,4.774
98.4999999999987,2.473,4.675,4.771
98.5999999999987,2.473,4.672,4.767
98.6999999999987,2.522,4.668,4.763
98.7999999999987,2.473,4.664,4.760
98.8999999999987,2.532,4.660,4.755
98.9999999999986,2.522,4.657,4.752
99.0999999999986,2.532,4.654,4.749
99.1999999999986,2.512,4.652,4.747
99.2999999999986,2.532,4.650,4.745
99.3999999999986,2.532,4.649,4.744
99.4999999999986,2.532,4.649,4.744
99.5999999999986,2.503,4.649,4.744
99.6999999999986,2.512,4.649,4.744
99.7999999999986,2.473,4.650,4.745
99.8999999999986,2.512,4.650,4.745
99.9999999999986,2.473,4.650,4.745
100.099999999999,2.473,4.650,4.745
100.199999999999,2.483,4.649,4.744
100.299999999999,2.512,4.648,4.743
100.399999999999,2.503,4.647,4.742
100.499999999999,2.473,4.646,4.741
100.599999999999,2.522,4.645,4.739
100.699999999999,2.512,4.644,4.738
100.799999999999,2.532,4.643,4.738
100.899999999999,2.512,4.643,4.738
100.999999999999,2.522,4.643,4.738
101.099999999999,2.522,4.644,4.739
101.199999999999,2.493,4.645,4.740
101.299999999999,2.512,4.646,4.741
101.399999999999,2.483,4.647,4.742
101.499999999999,2.473,4.648,4.743
101.599999999999,2.473,4.648,4.743
101.699999999998,2.532,4.648,4.743
101.799999999998,2.503,4.649,4.743
101.899999999998,2.493,4.649,4.744
101.999999999998,2.532,4.649,4.744
102.099999999998,2.473,4.650,4.745
102.199999999998,2.522,4.651,4.746
102.299999999998,2.503,4.651,4.746
102.399999999998,2.522,4.652,4.747
102.499999999998,2.473,4.654,4.749
102.599999999998,2.473,4.654,4.749
102.699999999998,2.503,4.655,4.750
102.799999999998,2.473,4.655,4.750
102.899999999998,2.512,4.655,4.750
102.999999999998,2.483,4.654,4.749
103.099999999998,2.473,4.654,4.749
103.199999999998,2.493,4.653,4.748
103.299999999998,2.473,4.652,4.747
103.399999999998,2.483,4.650,4.745
103.499999999998,2.483,4.648,4.743
103.599999999998,2.483,4.646,4.741
103.699999999998,2.503,4.644,4.738
103.799999999998,2.503,4.641,4.736
103.899999999998,2.503,4.639,4.733
103.999999999998,2.512,4.636,4.731
104.099999999998,2.473,4.634,4.729
104.199999999998,2.483,4.632,4.726
104.299999999998,2.512,4.629,4.723
104.399999999998,2.503,4.626,4.721
104.499999999998,2.473,4.624,4.718
104.599999999998,2.473,4.621,4.715
104.699999999998,2.473,4.617,4.712
104.799999999998,2.532,4.613,4.707
104.899999999998,2.512,4.610,4.704
104.999999999998,2.512,4.607,4.701
105.099999999998,2.503,4.604,4.698
105.199999999998,2.512,4.602,4.696
105.299999999998,2.493,4.599,4.693
105.399999999998,2.483,4.597,4.691
105.499999999998,2.532,4.594,4.688
105.599999999998,2.512,4.592,4.686
105.699999999998,2.463,4.590,4.684
105.799999999998,2.512,4.588,4.681
105.899999999998,2.532,4.586,4.679
105.999999999998,2.532,4.584,4.678
106.099999999998,2.532,4.583,4.677
106.199999999998,2.522,4.583,4.677
106.299999999998,2.512,4.583,4.677
106.399999999998,2.503,4.584,4.677
106.499999999998,2.512,4.584,4.678
106.599999999998,2.512,4.585,4.679
106.699999999998,2.503,4.586,4.680
106.799999999998,2.493,4.587,4.681
106.899999999998,2.473,4.588,4.682
106.999999999998,2.532,4.589,4.682
107.099999999998,2.532,4.590,4.683
107.199999999998,2.532,4.591,4.685
107.299999999998,2.473,4.594,4.687
107.399999999998,2.473,4.595,4.689
107.499999999998,2.522,4.596,4.690
107.599999999998,2.473,4.598,4.692
107.699999999998,2.522,4.599,4.693
107.799999999998,2.512,4.601,4.694
107.899999999998,2.532,4.602,4.696
107.999999999998,2.522,4.605,4.699
108.099999999998,2.522,4.607,4.701
108.199999999998,2.483,4.610,4.705
108.299999999998,2.522,4.613,4.707
108.399999999998,2.512,4.616,4.711
108.499999999998,2.532,4.620,4.714
108.599999999998,2.512,4.624,4.718
108.699999999998,2.532,4.628,4.722
108.799999999998,2.503,4.633,4.727
108.899999999998,2.532,4.638,4.732
108.999999999998,2.493,4.643,4.738
109.099999999998,2.532,4.648,4.743
109.199999999998,2.483,4.654,4.749
109.299999999998,2.522,4.659,4.754
109.399999999998,2.532,4.665,4.760
109.499999999998,2.512,4.671,4.766
109.599999999998,2.483,4.678,4.773
109.699999999998,2.532,4.684,4.779
109.799999999998,2.522,4.690,4.786
109.899999999998,2.503,4.697,4.793
109.999999999998,2.512,4.704,4.800
110.099999999998,2.503,4.711,4.807
110.199999999998,2.522,4.718,4.814
110.299999999998,2.522,4.725,4.822
110.399999999998,2.532,4.733,4.830
110.499999999998,2.512,4.741,4.838
110.599999999998,2.512,4.750,4.847
110.699999999998,2.493,4.758,4.855
110.799999999998,2.483,4.767,4.864
110.899999999998,2.532,4.774,4.872
110.999999999998,2.542,4.783,4.880
111.099999999998,2.503,4.792,4.890
111.199999999998,2.493,4.801,4.899
111.299999999998,2.483,4.810,4.908
111.399999999998,2.512,4.818,4.916
111.499999999998,2.493,4.826,4.925
111.599999999998,2.532,4.835,4.933
111.699999999998,2.483,4.843,4.942
111.799999999998,2.473,4.851,4.950
111.899999999998,2.512,4.859,4.958
111.999999999998,2.483,4.867,4.966
112.099999999998,2.473,4.874,4.973
112.199999999998,2.512,4.881,4.980
112.299999999998,2.503,4.887,4.987
112.399999999998,2.473,4.894,4.994
112.499999999998,2.493,4.900,5.000
112.599999999998,2.532,4.906,5.006
112.699999999998,2.503,4.912,5.013
112.799999999998,2.473,4.919,5.019
112.899999999998,2.522,4.925,5.025
112.999999999998,2.512,4.931,5.031
113.099999999998,2.493,4.937,5.038
113.199999999998,2.493,4.943,5.044
113.299999999998,2.493,4.949,5.050
113.399999999998,2.473,4.955,5.056
113.499999999998,2.522,4.959,5.061
113.599999999998,2.483,4.965,5.066
113.699999999998,2.522,4.970,5.071
113.799999999998,2.473,4.975,5.077
113.899999999998,2.532,4.980,5.081
113.999999999998,2.532,4.985,5.087
114.099999999998,2.473,4.991,5.093
114.199999999998,2.532,4.996,5.098
114.299999999998,2.503,5.002,5.104
114.399999999998,2.512,5.008,5.110
114.499999999998,2.483,5.014,5.116
114.599999999998,2.493,5.019,5.122
114.699999999998,2.512,5.025,5.127
114.799999999998,2.503,5.030,5.133
114.899999999998,2.503,5.036,5.138
114.999999999998,2.503,5.041,5.144
115.099999999998,2.473,5.046,5.149
115.199999999998,2.483,5.051,5.154
115.299999999998,2.483,5.056,5.159
115.399999999998,2.493,5.060,5.163
115.499999999998,2.473,5.063,5.167
115.599999999998,2.512,5.066,5.170
115.699999999998,2.532,5.070,5.173
115.799999999998,2.503,5.074,5.177
115.899999999998,2.473,5.078,5.181
115.999999999998,2.532,5.081,5.185
116.099999999998,2.522,5.085,5.189
116.199999999998,2.473,5.089,5.193
116.299999999998,2.522,5.093,5.197
116.399999999998,2.503,5.097,5.201
116.499999999998,2.473,5.102,5.206
116.599999999998,2.473,5.105,5.209
116.699999999998,2.493,5.108,5.212
116.799999999998,2.483,5.111,5.215
116.899999999998,2.512,5.113,5.218
116.999999999998,2.522,5.116,5.220
117.099999999998,2.473,5.119,5.223
117.199999999998,2.473,5.121,5.226
117.299999999998,2.512,5.123,5.228
117.399999999998,2.512,5.125,5.230
117.499999999998,2.512,5.128,5.232
117.599999999998,2.503,5.130,5.235
117.699999999998,2.473,5.133,5.237
117.799999999998,2.483,5.135,5.239
117.899999999998,2.522,5.136,5.241
117.999999999998,2.532,5.138,5.243
118.099999999998,2.532,5.141,5.246
118.199999999998,2.493,5.144,5.249
118.299999999998,2.473,5.147,5.252
118.399999999998,2.463,5.150,5.255
118.499999999998,2.503,5.151,5.256
118.599999999998,2.522,5.153,5.258
118.699999999998,2.493,5.155,5.260
118.799999999998,2.493,5.157,5.262
118.899999999998,2.522,5.159,5.264
118.999999999998,2.503,5.161,5.266
119.099999999998,2.532,5.163,5.269
119.199999999998,2.522,5.166,5.272
119.299999999997,2.503,5.170,5.275
119.399999999997,2.473,5.173,5.278
119.499999999997,2.473,5.176,5.281
119.599999999997,2.503,5.178,5.283
119.699999999997,2.522,5.180,5.285
119.799999999997,2.483,5.182,5.288
119.899999999997,2.532,5.184,5.290
119.999999999997,2.532,5.187,5.293
120.099999999997,2.512,5.191,5.297
120.199999999997,2.473,5.194,5.300
120.299999999997,2.473,5.197,5.303
120.399999999997,2.522,5.200,5.306
120.499999999997,2.493,5.203,5.309
120.599999999997,2.473,5.205,5.312
120.699999999997,2.483,5.207,5.314
120.799999999997,2.512,5.209,5.315
120.899999999997,2.493,5.211,5.317
120.999999999997,2.483,5.213,5.319
121.099999999997,2.493,5.214,5.321
121.199999999997,2.503,5.215,5.322
121.299999999997,2.522,5.217,5.323
121.399999999997,2.512,5.218,5.325
121.499999999997,2.503,5.220,5.327
121.599999999997,2.473,5.222,5.329
121.699999999997,2.473,5.224,5.330
121.799999999997,2.473,5.224,5.331
121.899999999997,2.522,5.225,5.331
121.999999999997,2.493,5.225,5.332
122.099999999997,2.532,5.226,5.332
122.199999999997,2.473,5.227,5.334
122.299999999997,2.473,5.228,5.334
122.399999999997,2.522,5.228,5.334
122.499999999997,2.532,5.228,5.335
122.599999999997,2.483,5.229,5.336
122.699999999997,2.503,5.230,5.337
122.799999999997,2.493,5.231,5.338
122.899999999997,2.503,5.232,5.338
122.999999999997,2.503,5.232,5.339
123.099999999997,2.493,5.233,5.340
123.199999999997,2.493,5.234,5.340
123.299999999997,2.483,5.234,5.341
123.399999999997,2.493,5.234,5.341
123.499999999997,2.493,5.234,5.341
123.599999999997,2.463,5.234,5.341
123.699999999997,2.522,5.233,5.340
123.799999999997,2.512,5.233,5.339
123.899999999997,2.473,5.232,5.339
123.999999999997,2.483,5.232,5.338
124.099999999997,2.493,5.230,5.337
124.199999999997,2.522,5.229,5.336
124.299999999997,2.483,5.228,5.335
124.399999999997,2.493,5.227,5.334
124.499999999997,2.532,5.226,5.333
124.599999999997,2.493,5.225,5.332
124.699999999997,2.483,5.225,5.331
124.799999999997,2.512,5.224,5.330
124.899999999997,2.512,5.223,5.330
124.999999999997,2.473,5.222,5.329
125.099999999997,2.522,5.221,5.328
125.199999999997,2.473,5.221,5.327
125.299999999997,2.473,5.220,5.326
125.399999999997,2.532,5.218,5.324
125.499999999997,2.483,5.217,5.323
125.599999999997,2.493,5.216,5.322
125.699999999997,2.473,5.214,5.321
125.799999999997,2.473,5.212,5.319
125.899999999997,2.503,5.210,5.316
125.999999999997,2.473,5.207,5.314
126.099999999997,2.473,5.204,5.311
126.199999999997,2.512,5.201,5.307
126.299999999997,2.473,5.198,5.304
126.399999999997,2.493,5.194,5.300
126.499999999997,2.512,5.190,5.296
126.599999999997,2.532,5.187,5.293
126.699999999997,2.532,5.184,5.290
126.799999999997,2.503,5.182,5.288
126.899999999997,2.532,5.180,5.286
126.999999999997,2.473,5.179,5.285
127.099999999997,2.522,5.177,5.283
127.199999999997,2.473,5.176,5.281
127.299999999997,2.473,5.174,5.280
127.399999999997,2.512,5.172,5.277
127.499999999997,2.473,5.169,5.275
127.599999999997,2.463,5.167,5.272
127.699999999997,2.473,5.163,5.269
127.799999999997,2.473,5.160,5.265
127.899999999997,2.473,5.155,5.261
127.999999999997,2.473,5.150,5.256
128.099999999997,2.493,5.145,5.250
128.199999999997,2.512,5.140,5.245
128.299999999997,2.473,5.135,5.240
128.399999999997,2.532,5.129,5.234
128.499999999997,2.522,5.124,5.229
128.599999999997,2.473,5.120,5.225
128.699999999997,2.522,5.115,5.220
128.799999999997,2.532,5.111,5.215
128.899999999997,2.503,5.108,5.212
128.999999999997,2.493,5.104,5.208
129.099999999997,2.512,5.101,5.205
129.199999999997,2.532,5.097,5.201
129.299999999997,2.512,5.095,5.199
129.399999999997,2.493,5.093,5.197
129.499999999997,2.483,5.090,5.194
129.599999999997,2.483,5.088,5.191
129.699999999997,2.493,5.085,5.188
129.799999999997,2.483,5.082,5.185
129.899999999997,2.532,5.078,5.182
129.999999999997,2.512,5.075,5.179
130.099999999997,2.473,5.073,5.177
130.199999999997,2.512,5.070,5.174
130.299999999997,2.522,5.067,5.171
130.399999999997,2.483,5.065,5.169
130.499999999997,2.532,5.063,5.166
130.599999999997,2.473,5.061,5.164
130.699999999997,2.473,5.059,5.162
130.799999999997,2.473,5.056,5.159
130.899999999997,2.512,5.053,5.156
130.999999999997,2.522,5.050,5.153
131.099999999997,2.463,5.047,5.150
131.199999999997,2.473,5.044,5.147
131.299999999997,2.473,5.040,5.143
131.399999999997,2.512,5.036,5.139
131.499999999997,2.503,5.032,5.135
131.599999999997,2.522,5.028,5.131
131.699999999997,2.503,5.025,5.127
131.799999999997,2.473,5.022,5.124
131.899999999997,2.493,5.018,5.120
131.999999999997,2.503,5.014,5.117
132.099999999997,2.512,5.010,5.113
132.199999999997,2.522,5.007,5.109
132.299999999997,2.473,5.004,5.106
132.399999999997,2.512,5.001,5.103
132.499999999997,2.473,4.998,5.100
132.599999999997,2.493,4.994,5.096
132.699999999997,2.473,4.990,5.092
132.799999999997,2.493,4.986,5.088
132.899999999997,2.473,4.982,5.083
132.999999999997,2.473,4.977,5.079
133.099999999997,2.493,4.972,5.073
133.199999999997,2.473,4.966,5.068
133.299999999997,2.503,4.961,5.062
133.399999999997,2.512,4.955,5.056
133.499999999997,2.483,4.950,5.051
133.599999999997,2.483,4.944,5.045
133.699999999997,2.493,4.938,5.039
133.799999999997,2.483,4.932,5.033
133.899999999997,2.512,4.926,5.026
133.999999999997,2.473,4.920,5.020
134.099999999997,2.473,4.914,5.014
134.199999999997,2.493,4.907,5.007
134.299999999997,2.522,4.900,5.000
134.399999999997,2.512,4.893,4.993
134.499999999997,2.473,4.887,4.987
134.599999999997,2.532,4.881,4.981
134.699999999997,2.493,4.875,4.975
134.799999999997,2.483,4.870,4.969
134.899999999997,2.522,4.863,4.963
134.999999999997,2.473,4.858,4.957
135.099999999997,2.473,4.852,4.951
135.199999999997,2.532,4.846,4.944
135.299999999997,2.493,4.840,4.939
135.399999999997,2.522,4.834,4.933
135.499999999997,2.503,4.829,4.927
135.599999999997,2.473,4.824,4.922
135.699999999997,2.503,4.818,4.916
135.799999999997,2.522,4.813,4.911
135.899999999997,2.473,4.808,4.906
135.999999999997,2.512,4.802,4.900
136.099999999997,2.483,4.797,4.895
136.199999999997,2.522,4.792,4.890
136.299999999997,2.532,4.787,4.885
136.399999999997,2.473,4.783,4.881
136.499999999997,2.473,4.778,4.876
136.599999999997,2.493,4.773,4.871
136.699999999997,2.473,4.768,4.865
136.799999999997,2.483,4.762,4.860
136.899999999997,2.512,4.757,4.854
136.999999999997,2.532,4.751,4.848
137.099999999996,2.473,4.746,4.843
137.199999999996,2.493,4.741,4.838
137.299999999996,2.493,4.735,4.832
137.399999999996,2.483,4.730,4.827
137.499999999996,2.483,4.724,4.821
137.599999999996,2.473,4.718,4.815
137.699999999996,2.512,4.712,4.808
137.799999999996,2.473,4.706,4.802
137.899999999996,2.503,4.699,4.795
137.999999999996,2.522,4.693,4.788
138.099999999996,2.483,4.687,4.782
138.199999999996,2.522,4.680,4.776
138.299999999996,2.512,4.675,4.770
138.399999999996,2.532,4.670,4.765
138.499999999996,2.503,4.665,4.760
138.599999999996,2.512,4.660,4.756
138.699999999996,2.493,4.656,4.751
138.799999999996,2.483,4.652,4.747
138.899999999996,2.483,4.648,4.742
138.999999999996,2.522,4.643,4.738
139.099999999996,2.503,4.638,4.733
139.199999999996,2.473,4.634,4.729
139.299999999996,2.532,4.630,4.724
139.399999999996,2.503,4.626,4.720
139.499999999996,2.522,4.622,4.716
139.599999999996,2.512,4.619,4.713
139.699999999996,2.532,4.616,4.710
139.799999999996,2.522,4.613,4.707
139.899999999996,2.473,4.611,4.705
139.999999999996,2.512,4.609,4.703
140.099999999996,2.503,4.607,4.701
140.199999999996,2.473,4.605,4.699
140.299999999996,2.512,4.602,4.696
140.399999999996,2.483,4.600,4.694
140.499999999996,2.483,4.598,4.691
140.599999999996,2.522,4.595,4.689
140.699999999996,2.473,4.592,4.686
140.799999999996,2.483,4.590,4.683
140.899999999996,2.503,4.586,4.680
140.999999999996,2.503,4.583,4.677
141.099999999996,2.522,4.580,4.674
141.199999999996,2.532,4.578,4.671
141.299999999996,2.512,4.576,4.669
141.399999999996,2.512,4.574,4.668
141.499999999996,2.473,4.573,4.666
141.599999999996,2.493,4.571,4.665
141.699999999996,2.532,4.569,4.663
141.799999999996,2.483,4.568,4.661
141.899999999996,2.512,4.567,4.660
141.999999999996,2.522,4.565,4.659
142.099999999996,2.532,4.565,4.658
142.199999999996,2.512,4.564,4.658
142.299999999996,2.522,4.565,4.658
142.399999999996,2.473,4.565,4.658
142.499999999996,2.532,4.565,4.658
142.599999999996,2.532,4.566,4.659
142.699999999996,2.493,4.567,4.660
142.799999999996,2.512,4.568,4.661
142.899999999996,2.532,4.570,4.663
142.999999999996,2.473,4.572,4.665
143.099999999996,2.522,4.573,4.666
143.199999999996,2.483,4.575,4.668
143.299999999996,2.532,4.576,4.670
143.399999999996,2.522,4.579,4.672
143.499999999996,2.512,4.581,4.675
143.599999999996,2.512,4.584,4.677
143.699999999996,2.512,4.587,4.681
143.799999999996,2.532,4.590,4.684
143.899999999996,2.473,4.594,4.688
143.999999999996,2.512,4.597,4.691
144.099999999996,2.503,4.601,4.695
144.199999999996,2.493,4.604,4.698
144.299999999996,2.532,4.607,4.701
144.399999999996,2.493,4.611,4.705
144.499999999996,2.473,4.615,4.709
144.599999999996,2.532,4.618,4.712
144.699999999996,2.473,4.622,4.716
144.799999999996,2.532,4.625,4.719
144.899999999996,2.532,4.628,4.723
144.999999999996,2.493,4.633,4.727
145.099999999996,2.473,4.637,4.731
145.199999999996,2.483,4.640,4.735
145.299999999996,2.503,4.643,4.738
145.399999999996,2.493,4.646,4.741
145.499999999996,2.522,4.649,4.744
145.599999999996,2.473,4.652,4.747
145.699999999996,2.483,4.655,4.750
145.799999999996,2.522,4.657,4.753
145.899999999996,2.473,4.660,4.755
145.999999999996,2.512,4.662,4.758
146.099999999996,2.483,4.665,4.760
146.199999999996,2.493,4.667,4.762
146.299999999996,2.473,4.669,4.764
146.399999999996,2.473,4.670,4.765
146.499999999996,2.493,4.670,4.766
146.599999999996,2.522,4.671,4.766
146.699999999996,2.493,4.672,4.767
146.799999999996,2.532,4.673,4.768
146.899999999996,2.532,4.674,4.770
146.999999999996,2.503,4.676,4.772
147.099999999996,2.473,4.678,4.774
147.199999999996,2.512,4.680,4.775
147.299999999996,2.503,4.682,4.777
147.399999999996,2.532,4.684,4.779
147.499999999996,2.532,4.686,4.782
147.599999999996,2.473,4.689,4.785
147.699999999996,2.493,4.691,4.787
147.799999999996,2.473,4.694,4.789
147.899999999996,2.522,4.695,4.791
147.999999999996,2.493,4.698,4.793
148.099999999996,2.473,4.699,4.795
148.199999999996,2.483,4.701,4.797
148.299999999996,2.532,4.702,4.798
148.399999999996,2.512,4.703,4.799
148.499999999996,2.512,4.705,4.801
148.599999999996,2.473,4.707,4.804
148.699999999996,2.532,4.709,4.805
148.799999999996,2.512,4.711,4.807
148.899999999996,2.473,4.714,4.810
148.999999999996,2.532,4.715,4.812
149.099999999996,2.512,4.718,4.814
149.199999999996,2.473,4.720,4.817
149.299999999996,2.483,4.722,4.819
149.399999999996,2.532,4.724,4.821
149.499999999996,2.532,4.726,4.823
149.599999999996,2.483,4.729,4.826
149.699999999996,2.522,4.732,4.829
149.799999999996,2.503,4.735,4.832
149.899999999996,2.483,4.738,4.835
149.999999999996,2.532,4.740,4.837
150.099999999996,2.493,4.744,4.841
150.199999999996,2.532,4.747,4.844
150.299999999996,2.522,4.750,4.847
150.399999999996,2.522,4.754,4.851
150.499999999996,2.522,4.759,4.856
150.599999999996,2.493,4.764,4.861
150.699999999996,2.493,4.768,4.866
150.799999999996,2.512,4.773,4.870
150.899999999996,2.532,4.777,4.875
150.999999999996,2.532,4.782,4.880
151.099999999996,2.493,4.788,4.886
151.199999999996,2.512,4.794,4.892
151.299999999996,2.493,4.800,4.897
151.399999999996,2.463,4.805,4.903
151.499999999996,2.493,4.810,4.908
151.599999999996,2.512,4.814,4.912
151.699999999996,2.522,4.819,4.917
151.799999999996,2.473,4.824,4.922
151.899999999996,2.493,4.828,4.927
151.999999999996,2.512,4.832,4.931
152.099999999996,2.522,4.837,4.936
152.199999999996,2.463,4.842,4.940
152.299999999996,2.493,4.846,4.945
152.399999999996,2.522,4.849,4.948
152.499999999996,2.503,4.854,4.953
152.599999999996,2.522,4.858,4.957
152.699999999996,2.473,4.862,4.962
152.799999999996,2.522,4.866,4.966
152.899999999996,2.493,4.871,4.970
152.999999999996,2.473,4.875,4.974
153.099999999996,2.473,4.878,4.978
153.199999999996,2.483,4.881,4.981
153.299999999996,2.473,4.884,4.984
153.399999999996,2.483,4.886,4.986
153.499999999996,2.473,4.887,4.987
153.599999999996,2.522,4.888,4.988
153.699999999996,2.483,4.890,4.990
153.799999999996,2.512,4.891,4.991
153.899999999996,2.532,4.892,4.992
153.999999999996,2.493,4.894,4.994
154.099999999996,2.532,4.896,4.996
154.199999999996,2.493,4.898,4.998
154.299999999996,2.493,4.901,5.001
154.399999999996,2.473,4.903,5.003
154.499999999996,2.473,4.904,5.004
154.599999999996,2.493,4.905,5.005
154.699999999995,2.473,4.906,5.006
154.799999999995,2.532,4.906,5.006
154.899999999995,2.493,4.907,5.007
154.999999999995,2.532,4.908,5.008
155.099999999995,2.522,4.909,5.009
155.199999999995,2.512,4.911,5.011
155.299999999995,2.483,4.913,5.013
155.399999999995,2.483,4.914,5.015
155.499999999995,2.473,4.916,5.016
155.599999999995,2.473,4.916,5.017
155.699999999995,2.483,4.916,5.017
155.799999999995,2.483,4.916,5.016
155.899999999995,2.503,4.916,5.016
155.999999999995,2.522,4.915,5.015
156.099999999995,2.493,4.915,5.015
156.199999999995,2.512,4.915,5.015
156.299999999995,2.512,4.915,5.015
156.399999999995,2.512,4.915,5.015
156.499999999995,2.493,4.916,5.016
156.599999999995,2.503,4.916,5.016
156.699999999995,2.493,4.917,5.017
156.799999999995,2.522,4.917,5.017
156.899999999995,2.503,4.918,5.018
156.999999999995,2.522,4.918,5.019
157.099999999995,2.532,4.920,5.020
157.199999999995,2.532,4.921,5.022
157.299999999995,2.483,4.924,5.024
157.399999999995,2.473,4.926,5.027
157.499999999995,2.522,4.928,5.028
157.599999999995,2.512,4.930,5.030
157.699999999995,2.473,4.932,5.032
157.799999999995,2.473,4.933,5.034
157.899999999995,2.522,4.934,5.035
157.999999999995,2.473,4.936,5.037
158.099999999995,2.522,4.937,5.038
158.199999999995,2.463,4.938,5.039
158.299999999995,2.473,4.939,5.040
158.399999999995,2.522,4.939,5.040
158.499999999995,2.512,4.939,5.040
158.599999999995,2.493,4.940,5.041
158.699999999995,2.512,4.941,5.041
158.799999999995,2.512,4.941,5.042
158.899999999995,2.483,4.942,5.043
158.999999999995,2.512,4.943,5.044
159.099999999995,2.493,4.944,5.045
159.199999999995,2.473,4.945,5.046
159.299999999995,2.532,4.945,5.046
159.399999999995,2.473,4.946,5.047
159.499999999995,2.503,4.946,5.047
159.599999999995,2.512,4.947,5.048
159.699999999995,2.512,4.947,5.048
159.799999999995,2.503,4.948,5.049
159.899999999995,2.473,4.949,5.050
159.999999999995,2.512,4.949,5.050
160.099999999995,2.473,4.950,5.051
160.199999999995,2.473,4.950,5.051
160.299999999995,2.473,4.949,5.050
160.399999999995,2.503,4.948,5.049
160.499999999995,2.522,4.947,5.048
160.599999999995,2.532,4.947,5.048
160.699999999995,2.522,4.947,5.048
160.799999999995,2.522,4.948,5.049
160.899999999995,2.512,4.949,5.050
160.999999999995,2.532,4.950,5.051
161.099999999995,2.473,4.952,5.053
161.199999999995,2.522,4.953,5.054
161.299999999995,2.512,4.955,5.056
161.399999999995,2.522,4.957,5.058
161.499999999995,2.473,4.959,5.060
161.599999999995,2.503,4.961,5.062
161.699999999995,2.532,4.963,5.064
161.799999999995,2.483,4.965,5.067
161.899999999995,2.503,4.968,5.069
161.999999999995,2.473,4.970,5.071
162.099999999995,2.503,4.971,5.073
162.199999999995,2.493,4.973,5.074
162.299999999995,2.512,4.974,5.076
162.399999999995,2.532,4.976,5.078
162.499999999995,2.532,4.978,5.080
162.599999999995,2.483,4.981,5.083
162.699999999995,2.522,4.984,5.085
162.799999999995,2.473,4.987,5.088
162.899999999995,2.473,4.989,5.091
162.999999999995,2.512,4.991,5.093
163.099999999995,2.503,4.993,5.095
163.199999999995,2.503,4.995,5.097
163.299999999995,2.512,4.997,5.099
163.399999999995,2.503,4.999,5.101
163.499999999995,2.503,5.001,5.104
163.599999999995,2.532,5.004,5.106
163.699999999995,2.503,5.007,5.109
163.799999999995,2.522,5.010,5.112
163.899999999995,2.532,5.013,5.115
163.999999999995,2.503,5.017,5.119
164.099999999995,2.522,5.021,5.123
164.199999999995,2.483,5.025,5.128
164.299999999995,2.512,5.029,5.132
164.399999999995,2.483,5.034,5.136
164.499999999995,2.522,5.037,5.140
164.599999999995,2.473,5.041,5.144
164.699999999995,2.532,5.045,5.148
164.799999999995,2.522,5.049,5.152
164.899999999995,2.473,5.054,5.157
164.999999999995,2.522,5.058,5.161
165.099999999995,2.473,5.062,5.165
165.199999999995,2.532,5.066,5.169
165.299999999995,2.473,5.070,5.174
165.399999999995,2.512,5.074,5.177
165.499999999995,2.473,5.078,5.181
165.599999999995,2.483,5.081,5.185
165.699999999995,2.532,5.084,5.188
165.799999999995,2.483,5.088,5.191
165.899999999995,2.532,5.091,5.195
165.999999999995,2.522,5.094,5.198
166.099999999995,2.522,5.099,5.203
166.199999999995,2.473,5.103,5.207
166.299999999995,2.483,5.107,5.211
166.399999999995,2.522,5.111,5.215
166.499999999995,2.483,5.115,5.219
166.599999999995,2.532,5.118,5.223
166.699999999995,2.512,5.122,5.227
166.799999999995,2.473,5.127,5.231
166.899999999995,2.503,5.130,5.235
166.999999999995,2.473,5.134,5.239
167.099999999995,2.522,5.137,5.242
167.199999999995,2.522,5.141,5.246
167.299999999995,2.473,5.145,5.250
167.399999999995,2.483,5.148,5.253
167.499999999995,2.512,5.151,5.256
167.599999999995,2.463,5.154,5.259
167.699999999995,2.522,5.157,5.262
167.799999999995,2.522,5.159,5.265
167.899999999995,2.493,5.163,5.268
167.999999999995,2.473,5.166,5.271
168.099999999995,2.522,5.168,5.274
168.199999999995,2.532,5.171,5.276
168.299999999995,2.473,5.174,5.280
168.399999999995,2.512,5.177,5.283
168.499999999995,2.483,5.180,5.286
168.599999999995,2.512,5.183,5.289
168.699999999995,2.473,5.186,5.292
168.799999999995,2.532,5.188,5.294
168.899999999995,2.473,5.191,5.297
168.999999999995,2.503,5.193,5.299
169.099999999995,2.522,5.196,5.302
169.199999999995,2.473,5.199,5.305
169.299999999995,2.473,5.201,5.307
169.399999999995,2.473,5.202,5.309
169.499999999995,2.483,5.203,5.310
169.599999999995,2.473,5.204,5.310
169.699999999995,2.522,5.204,5.310
169.799999999995,2.473,5.205,5.311
169.899999999995,2.522,5.205,5.311
169.999999999995,2.522,5.205,5.312
170.099999999995,2.503,5.206,5.313
170.199999999995,2.473,5.207,5.313
170.299999999995,2.473,5.208,5.314
170.399999999995,2.473,5.207,5.314
170.499999999995,2.473,5.207,5.313
170.599999999995,2.532,5.205,5.312
170.699999999995,2.522,5.205,5.311
170.799999999995,2.522,5.205,5.311
170.899999999995,2.503,5.205,5.311
170.999999999995,2.532,5.206,5.312
171.099999999995,2.483,5.207,5.313
171.199999999995,2.473,5.207,5.314
171.299999999995,2.512,5.207,5.314
171.399999999995,2.512,5.208,5.314
171.499999999995,2.473,5.208,5.315
171.599999999995,2.503,5.208,5.315
171.699999999995,2.512,5.209,5.315
171.799999999995,2.463,5.209,5.315
171.899999999995,2.483,5.209,5.315
171.999999999995,2.512,5.208,5.314
172.099999999995,2.532,5.207,5.314
172.199999999995,2.473,5.208,5.314
172.299999999994,2.473,5.207,5.313
172.399999999994,2.532,5.206,5.312
172.499999999994,2.503,5.206,5.312
172.599999999994,2.522,5.206,5.312
172.699999999994,2.503,5.206,5.312
172.799999999994,2.512,5.206,5.313
172.899999999994,2.512,5.207,5.313
172.999999999994,2.532,5.208,5.314
173.099999999994,2.532,5.209,5.316
173.199999999994,2.473,5.211,5.318
173.299999999994,2.483,5.213,5.319
173.399999999994,2.512,5.214,5.321
173.499999999994,2.532,5.215,5.322
173.599999999994,2.512,5.218,5.324
173.699999999994,2.512,5.220,5.326
173.799999999994,2.512,5.222,5.329
173.899999999994,2.473,5.225,5.332
173.999999999994,2.512,5.227,5.334
174.099999999994,2.473,5.229,5.336
174.199999999994,2.473,5.231,5.338
174.299999999994,2.473,5.232,5.339
174.399999999994,2.532,5.233,5.340
174.499999999994,2.512,5.234,5.341
174.599999999994,2.493,5.236,5.343
174.699999999994,2.522,5.237,5.344
174.799999999994,2.483,5.239,5.346
174.899999999994,2.473,5.240,5.347
174.999999999994,2.493,5.241,5.348
175.099999999994,2.473,5.242,5.349
175.199999999994,2.522,5.242,5.349
175.299999999994,2.522,5.242,5.349
175.399999999994,2.483,5.243,5.350
175.499999999994,2.532,5.244,5.351
175.599999999994,2.532,5.245,5.352
175.699999999994,2.473,5.247,5.354
175.799999999994,2.522,5.249,5.356
175.899999999994,2.503,5.250,5.357
175.999999999994,2.503,5.252,5.359
176.099999999994,2.493,5.254,5.361
176.199999999994,2.473,5.256,5.363
176.299999999994,2.522,5.257,5.364
176.399999999994,2.512,5.258,5.366
176.499999999994,2.493,5.260,5.367
176.599999999994,2.473,5.262,5.369
176.699999999994,2.532,5.263,5.370
176.799999999994,2.473,5.264,5.372
176.899999999994,2.493,5.265,5.373
176.999999999994,2.473,5.266,5.374
177.099999999994,2.522,5.267,5.374
177.199999999994,2.473,5.268,5.375
177.299999999994,2.493,5.268,5.375
177.399999999994,2.532,5.268,5.375
177.499999999994,2.532,5.269,5.376
177.599999999994,2.473,5.270,5.378
177.699999999994,2.483,5.271,5.378
177.799999999994,2.522,5.271,5.379
177.899999999994,2.483,5.272,5.380
177.999999999994,2.522,5.273,5.380
178.099999999994,2.503,5.274,5.381
178.199999999994,2.512,5.275,5.382
178.299999999994,2.483,5.276,5.384
178.399999999994,2.503,5.277,5.385
178.499999999994,2.503,5.278,5.386
178.599999999994,2.473,5.279,5.387
178.699999999994,2.522,5.279,5.387
178.799999999994,2.522,5.280,5.388
178.899999999994,2.512,5.282,5.389
178.999999999994,2.512,5.283,5.391
179.099999999994,2.483,5.285,5.393
179.199999999994,2.522,5.286,5.394
179.299999999994,2.483,5.288,5.396
179.399999999994,2.483,5.290,5.398
179.499999999994,2.483,5.291,5.399
179.599999999994,2.473,5.292,5.400
179.699999999994,2.532,5.292,5.400
179.799999999994,2.512,5.293,5.401
179.899999999994,2.493,5.294,5.402
179.999999999994,2.473,5.295,5.403
180.099999999994,2.512,5.295,5.403
180.199999999994,2.512,5.296,5.404
180.299999999994,2.512,5.296,5.405
180.399999999994,2.493,5.298,5.406
180.499999999994,2.463,5.298,5.407
180.599999999994,2.473,5.299,5.407
180.699999999994,2.522,5.298,5.406
180.799999999994,2.522,5.298,5.406
180.899999999994,2.483,5.299,5.407
180.999999999994,2.503,5.299,5.407
181.099999999994,2.483,5.299,5.407
181.199999999994,2.473,5.299,5.407
181.299999999994,2.473,5.298,5.407
181.399999999994,2.503,5.297,5.405
181.499999999994,2.493,5.296,5.404
181.599999999994,2.473,5.295,5.403
181.699999999994,2.532,5.293,5.401
181.799999999994,2.532,5.292,5.400
181.899999999994,2.503,5.291,5.399
181.999999999994,2.503,5.291,5.399
182.099999999994,2.483,5.291,5.399
182.199999999994,2.512,5.290,5.398
182.299999999994,2.473,5.289,5.397
182.399999999994,2.483,5.288,5.396
182.499999999994,2.532,5.287,5.395
182.599999999994,2.512,5.287,5.394
182.699999999994,2.532,5.286,5.394
182.799999999994,2.503,5.286,5.394
182.899999999994,2.522,5.287,5.395
182.999999999994,2.483,5.288,5.396
183.099999999994,2.503,5.288,5.396
183.199999999994,2.532,5.289,5.396
183.299999999994,2.522,5.290,5.398
183.399999999994,2.473,5.291,5.399
183.499999999994,2.512,5.292,5.400
183.599999999994,2.473,5.293,5.401
183.699999999994,2.473,5.294,5.402
183.799999999994,2.483,5.294,5.402
183.899999999994,2.522,5.294,5.402
183.999999999994,2.522,5.294,5.402
184.099999999994,2.522,5.295,5.403
184.199999999994,2.512,5.296,5.404
184.299999999994,2.473,5.297,5.405
184.399999999994,2.473,5.298,5.406
184.499999999994,2.512,5.298,5.406
184.599999999994,2.503,5.299,5.407
184.699999999994,2.503,5.299,5.408
184.799999999994,2.512,5.300,5.408
184.899999999994,2.532,5.301,5.409
184.999999999994,2.473,5.302,5.410
185.099999999994,2.473,5.303,5.411
185.199999999994,2.483,5.303,5.412
185.299999999994,2.473,5.303,5.412
185.399999999994,2.532,5.303,5.411
185.499999999994,2.483,5.303,5.411
185.599999999994,2.522,5.303,5.411
185.699999999994,2.473,5.303,5.411
185.799999999994,2.522,5.302,5.411
185.899999999994,2.473,5.303,5.411
185.999999999994,2.512,5.302,5.410
186.099999999994,2.522,5.302,5.410
186.199999999994,2.532,5.302,5.410
186.299999999994,2.532,5.303,5.411
186.399999999994,2.483,5.305,5.413
186.499999999994,2.473,5.306,5.414
186.599999999994,2.522,5.307,5.415
186.699999999994,2.532,5.308,5.416
186.799999999994,2.503,5.309,5.418
186.899999999994,2.522,5.311,5.419
186.999999999994,2.503,5.313,5.422
187.099999999994,2.503,5.315,5.424
187.199999999994,2.473,5.318,5.426
187.299999999994,2.522,5.319,5.428
187.399999999994,2.473,5.321,5.430
187.499999999994,2.493,5.323,5.431
187.599999999994,2.473,5.324,5.433
187.699999999994,2.473,5.325,5.434
187.799999999994,2.532,5.325,5.434
187.899999999994,2.473,5.326,5.435
187.999999999994,2.483,5.326,5.435
188.099999999994,2.532,5.326,5.435
188.199999999994,2.473,5.327,5.435
188.299999999994,2.483,5.327,5.436
188.399999999994,2.473,5.326,5.435
188.499999999994,2.512,5.326,5.434
188.599999999994,2.473,5.325,5.434
188.699999999994,2.512,5.324,5.433
188.799999999994,2.473,5.323,5.432
188.899999999994,2.483,5.322,5.430
188.999999999994,2.512,5.320,5.428
189.099999999994,2.473,5.318,5.427
189.199999999994,2.503,5.316,5.425
189.299999999994,2.522,5.314,5.423
189.399999999994,2.503,5.313,5.421
189.499999999994,2.473,5.312,5.420
189.599999999994,2.463,5.310,5.418
189.699999999994,2.512,5.307,5.416
189.799999999994,2.522,5.305,5.413
189.899999999993,2.493,5.303,5.411
189.999999999993,2.512,5.301,5.409
190.099999999993,2.483,5.299,5.408
190.199999999993,2.522,5.297,5.406
190.299999999993,2.473,5.296,5.404
190.399999999993,2.473,5.294,5.402
190.499999999993,2.473,5.291,5.399
190.599999999993,2.473,5.288,5.396
190.699999999993,2.473,5.285,5.392
190.799999999993,2.522,5.281,5.388
190.899999999993,2.512,5.277,5.385
190.999999999993,2.473,5.274,5.381
191.099999999993,2.522,5.270,5.377
191.199999999993,2.473,5.267,5.374
191.299999999993,2.532,5.263,5.370
191.399999999993,2.522,5.260,5.367
191.499999999993,2.493,5.257,5.364
191.599999999993,2.522,5.254,5.362
191.699999999993,2.522,5.252,5.359
191.799999999993,2.473,5.251,5.358
191.899999999993,2.512,5.248,5.355
191.999999999993,2.522,5.246,5.353
192.099999999993,2.503,5.245,5.352
192.199999999993,2.522,5.244,5.351
192.299999999993,2.522,5.243,5.350
192.399999999993,2.473,5.242,5.349
192.499999999993,2.503,5.241,5.348
192.599999999993,2.473,5.240,5.347
192.699999999993,2.503,5.239,5.346
192.799999999993,2.473,5.237,5.344
192.899999999993,2.503,5.235,5.342
192.999999999993,2.473,5.234,5.340
193.099999999993,2.473,5.231,5.338
193.199999999993,2.473,5.228,5.335
193.299999999993,2.493,5.225,5.332
193.399999999993,2.473,5.222,5.328
193.499999999993,2.473,5.218,5.324
193.599999999993,2.473,5.213,5.319
193.699999999993,2.493,5.208,5.314
193.799999999993,2.532,5.203,5.309
193.899999999993,2.522,5.199,5.305
193.999999999993,2.532,5.195,5.301
194.099999999993,2.522,5.192,5.298
194.199999999993,2.522,5.189,5.295
194.299999999993,2.532,5.187,5.293
194.399999999993,2.473,5.186,5.291
194.499999999993,2.532,5.184,5.289
194.599999999993,2.483,5.182,5.288
194.699999999993,2.483,5.181,5.286
194.799999999993,2.473,5.179,5.284
194.899999999993,2.473,5.176,5.282
194.999999999993,2.532,5.173,5.279
195.099999999993,2.532,5.171,5.277
195.199999999993,2.532,5.169,5.275
195.299999999993,2.522,5.169,5.274
195.399999999993,2.503,5.168,5.274
195.499999999993,2.532,5.168,5.273
195.599999999993,2.503,5.168,5.273
195.699999999993,2.473,5.168,5.274
195.799999999993,2.463,5.168,5.274
195.899999999993,2.503,5.167,5.273
195.999999999993,2.493,5.166,5.272
196.099999999993,2.522,5.165,5.271
196.199999999993,2.473,5.165,5.270
196.299999999993,2.532,5.164,5.269
196.399999999993,2.473,5.163,5.268
196.499999999993,2.483,5.162,5.267
196.599999999993,2.473,5.161,5.266
196.699999999993,2.522,5.159,5.264
196.799999999993,2.473,5.158,5.263
196.899999999993,2.473,5.156,5.261
196.999999999993,2.512,5.153,5.258
197.099999999993,2.473,5.151,5.256
197.199999999993,2.512,5.148,5.253
197.299999999993,2.522,5.146,5.251
197.399999999993,2.522,5.144,5.249
197.499999999993,2.473,5.143,5.248
197.599999999993,2.532,5.141,5.246
197.699999999993,2.493,5.140,5.244
197.799999999993,2.512,5.138,5.243
197.899999999993,2.493,5.137,5.242
197.999999999993,2.503,5.136,5.241
198.099999999993,2.473,5.135,5.239
198.199999999993,2.473,5.133,5.238
198.299999999993,2.473,5.131,5.235
198.399999999993,2.503,5.128,5.233
198.499999999993,2.522,5.125,5.230
198.599999999993,2.522,5.123,5.228
198.699999999993,2.512,5.121,5.226
198.799999999993,2.473,5.120,5.225
198.899999999993,2.522,5.118,5.223
198.999999999993,2.473,5.117,5.221
199.099999999993,2.522,5.115,5.219
199.199999999993,2.473,5.113,5.218
199.299999999993,2.473,5.111,5.215
199.399999999993,2.522,5.109,5.213
199.499999999993,2.473,5.107,5.211
199.599999999993,2.522,5.104,5.208
199.699999999993,2.532,5.102,5.206
199.799999999993,2.522,5.100,5.205
199.899999999993,2.483,5.100,5.204
199.999999999993,2.473,5.098,5.202
200.099999999993,2.473,5.096,5.200
200.199999999993,2.532,5.094,5.198
200.299999999993,2.532,5.092,5.196
200.399999999993,2.522,5.092,5.195
200.499999999993,2.512,5.091,5.195
200.599999999993,2.503,5.091,5.195
200.699999999993,2.512,5.091,5.195
200.799999999993,2.493,5.091,5.195
200.899999999993,2.483,5.091,5.195
200.999999999993,2.473,5.090,5.194
201.099999999993,2.473,5.089,5.193
201.199999999993,2.493,5.088,5.192
201.299999999993,2.483,5.086,5.190
201.399999999993,2.473,5.084,5.188
201.499999999993,2.512,5.082,5.185
201.599999999993,2.522,5.080,5.183
201.699999999993,2.522,5.078,5.182
201.799999999993,2.503,5.077,5.180
201.899999999993,2.473,5.076,5.179
201.999999999993,2.483,5.074,5.177
202.099999999993,2.522,5.072,5.175
202.199999999993,2.483,5.070,5.174
202.299999999993,2.532,5.068,5.172
202.399999999993,2.473,5.067,5.171
202.499999999993,2.473,5.066,5.169
202.599999999993,2.473,5.063,5.167
202.699999999993,2.473,5.061,5.164
202.799999999993,2.483,5.057,5.161
202.899999999993,2.483,5.054,5.157
202.999999999993,2.473,5.050,5.153
203.099999999993,2.522,5.046,5.148
203.199999999993,2.532,5.042,5.145
203.299999999993,2.503,5.039,5.141
203.399999999993,2.522,5.035,5.138
203.499999999993,2.532,5.033,5.136
203.599999999993,2.503,5.031,5.134
203.699999999993,2.473,5.029,5.132
203.799999999993,2.473,5.027,5.130
203.899999999993,2.503,5.024,5.127
203.999999999993,2.493,5.021,5.124
204.099999999993,2.493,5.019,5.121
